game_date,team,hits,allowed_hits,home_runs,errors,runs_scored,runs_allowed,is_win,allowed_scored
2025-04-01 00:00:00.000000,부산 이글스,9,8,1,,6,3,1,
2025-04-01 14:36:31.304347,인천 호크스,4,10,0,2,1,4,0,
2025-04-02 05:13:02.608695,인천 호크스,5,8,0,0,1,3,0,
2025-04-02 19:49:33.913043,서울 타이거즈,9,12,2,0,7,3,1,
2025-04-03 10:26:05.217391,부산 이글스,7,15,0,0,5,2,1,
2025-04-04 01:02:36.521739,부산 이글스,3,2,2,0,2,0,1,
2025-04-04 15:39:07.826086,부산 이글스,6,7,1,1,4,10,0,
2025-04-05 06:15:39.130434,서울 타이거즈,21,11,2,0,13,8,1,
2025-04-05 20:52:10.434782,서울 타이거즈,6,12,1,0,2,7,0,
2025-04-06 11:28:41.739130,대구 라이온스,7,6,1,1,0,3,1,
2025-04-07 02:05:13.043478,대구 라이온스,8,13,0,0,3,5,0,
2025-04-07 16:41:44.347826,부산 이글스,2,10,0,0,0,5,0,
2025-04-08 07:18:15.652173,서울 타이거즈,34,12,2,0,19,5,1,19.0
2025-04-08 21:54:46.956521,서울 타이거즈,18,14,2,0,8,6,1,
2025-04-09 12:31:18.260869,인천 호크스,3,6,0,2,0,2,0,
2025-04-10 03:07:49.565217,인천 호크스,3,9,0,0,2,2,0,
2025-04-10 17:44:20.869565,부산 이글스,7,6,0,1,4,3,0,
2025-04-11 08:20:52.173913,대구 라이온스,13,12,0,0,5,3,1,
2025-04-11 22:57:23.478260,서울 타이거즈,13,11,3,0,5,11,0,
2025-04-12 13:33:54.782608,부산 이글스,5,12,0,0,2,4,0,
2025-04-13 04:10:26.086956,대구 라이온스,10,8,1,2,6,3,1,
2025-04-13 18:46:57.391304,서울 타이거즈,15,5,1,0,6,3,1,
2025-04-14 09:23:28.695652,대구 라이온스,8,11,2,0,5,7,1,
2025-04-15 00:00:00.000000,대구 라이온스,,10,0,0,6,4,1,
2025-04-15 14:36:31.304347,서울 타이거즈,11,9,0,0,6,4,1,
2025-04-16 05:13:02.608695,부산 이글스,8,8,0,0,3,5,0,
2025-04-16 19:49:33.913043,서울 타이거즈,12,9,2,,8,9,0,
2025-04-17 10:26:05.217391,인천 호크스,7,5,1,1,3,1,0,
2025-04-18 01:02:36.521739,부산 이글스,9,11,0,1,1,1,0,
2025-04-18 15:39:07.826086,서울 타이거즈,10,4,2,0,8,0,1,
2025-04-19 06:15:39.130434,대구 라이온스,9,11,0,1,8,2,1,
2025-04-19 20:52:10.434782,서울 타이거즈,14,9,0,0,4,4,0,
2025-04-20 11:28:41.739130,서울 타이거즈,22,8,0,0,9,2,1,
2025-04-21 02:05:13.043478,부산 이글스,4,6,0,0,0,2,0,
2025-04-21 16:41:44.347826,인천 호크스,8,7,0,0,3,2,1,
2025-04-22 07:18:15.652173,부산 이글스,11,8,1,1,6,5,0,
2025-04-22 21:54:46.956521,서울 타이거즈,9,13,2,0,8,5,1,
2025-04-23 12:31:18.260869,대구 라이온스,5,8,1,0,1,5,0,
2025-04-24 03:07:49.565217,대구 라이온스,12,6,0,0,3,2,1,
2025-04-24 17:44:20.869565,부산 이글스,5,8,0,0,2,5,0,
2025-04-25 08:20:52.173913,서울 타이거즈,15,7,3,0,8,3,1,
2025-04-25 22:57:23.478260,부산 이글스,11,9,1,0,7,1,1,
2025-04-26 13:33:54.782608,대구 라이온스,8,11,0,1,2,7,0,
2025-04-27 04:10:26.086956,부산 이글스,5,4,0,0,4,1,1,
2025-04-27 18:46:57.391304,인천 호크스,4,9,0,0,0,3,0,
2025-04-28 09:23:28.695652,인천 호크스,5,10,2,0,5,7,0,
2025-04-29 00:00:00.000000,부산 이글스,6,7,0,1,2,3,0,
2025-04-29 14:36:31.304347,서울 타이거즈,12,7,0,0,10,2,1,
2025-04-30 05:13:02.608695,부산 이글스,8,10,0,1,2,2,1,
2025-04-30 19:49:33.913043,서울 타이거즈,19,6,0,0,8,5,1,
2025-05-01 10:26:05.217391,대구 라이온스,14,10,0,1,6,6,0,
2025-05-02 01:02:36.521739,대구 라이온스,8,6,2,0,5,2,1,
2025-05-02 15:39:07.826086,서울 타이거즈,17,8,2,1,9,3,1,
2025-05-03 06:15:39.130434,부산 이글스,10,5,1,,3,2,0,
2025-05-03 20:52:10.434782,부산 이글스,10,14,0,1,5,4,1,
2025-05-04 11:28:41.739130,부산 이글스,5,10,1,1,2,10,0,
2025-05-05 02:05:13.043478,서울 타이거즈,16,4,3,0,6,2,0,
2025-05-05 16:41:44.347826,부산 이글스,5,5,1,0,4,2,0,
2025-05-06 07:18:15.652173,대구 라이온스,9,9,0,0,2,5,0,
2025-05-06 21:54:46.956521,인천 호크스,3,10,0,2,1,5,0,
2025-05-07 12:31:18.260869,대구 라이온스,10,12,3,0,8,8,0,
2025-05-08 03:07:49.565217,서울 타이거즈,13,11,3,1,6,3,1,
2025-05-08 17:44:20.869565,대구 라이온스,11,11,2,1,10,7,1,
2025-05-09 08:20:52.173913,대구 라이온스,12,6,0,1,7,5,1,
2025-05-09 22:57:23.478260,대구 라이온스,13,10,0,1,6,10,0,
2025-05-10 13:33:54.782608,부산 이글스,7,8,1,0,6,5,1,
2025-05-11 04:10:26.086956,인천 호크스,,10,0,0,4,4,0,
2025-05-11 18:46:57.391304,서울 타이거즈,8,9,2,1,6,5,1,
2025-05-12 09:23:28.695652,부산 이글스,8,14,0,1,5,5,0,
2025-05-13 00:00:00.000000,부산 이글스,6,12,3,0,4,5,1,
2025-05-13 14:36:31.304347,인천 호크스,6,7,0,2,2,3,0,
2025-05-14 05:13:02.608695,인천 호크스,3,8,1,1,0,5,0,
2025-05-14 19:49:33.913043,서울 타이거즈,6,9,0,0,4,5,0,
2025-05-15 10:26:05.217391,대구 라이온스,13,7,0,1,7,4,1,
2025-05-16 01:02:36.521739,대구 라이온스,18,12,1,0,8,1,1,
2025-05-16 15:39:07.826086,대구 라이온스,9,9,3,1,8,5,1,
2025-05-17 06:15:39.130434,부산 이글스,11,7,1,0,4,4,1,
2025-05-17 20:52:10.434782,서울 타이거즈,12,5,2,0,8,0,1,
2025-05-18 11:28:41.739130,대구 라이온스,11,11,3,0,9,5,1,
2025-05-19 02:05:13.043478,인천 호크스,6,8,0,2,2,4,0,
2025-05-19 16:41:44.347826,대구 라이온스,9,9,0,0,2,5,0,
2025-05-20 07:18:15.652173,서울 타이거즈,9,11,0,0,4,5,0,
2025-05-20 21:54:46.956521,대구 라이온스,13,7,3,0,8,4,1,
2025-05-21 12:31:18.260869,인천 호크스,5,4,0,0,4,3,0,
2025-05-22 03:07:49.565217,서울 타이거즈,12,4,2,1,10,1,1,
2025-05-22 17:44:20.869565,부산 이글스,12,9,0,1,6,5,1,
2025-05-23 08:20:52.173913,서울 타이거즈,8,11,2,0,3,5,0,
2025-05-23 22:57:23.478260,서울 타이거즈,11,12,0,,1,9,0,
2025-05-24 13:33:54.782608,서울 타이거즈,,14,1,0,5,7,0,
2025-05-25 04:10:26.086956,부산 이글스,8,7,0,2,3,2,1,
2025-05-25 18:46:57.391304,인천 호크스,6,13,0,2,2,7,0,
2025-05-26 09:23:28.695652,대구 라이온스,12,9,1,0,7,5,1,
2025-05-27 00:00:00.000000,서울 타이거즈,11,8,1,,4,4,1,
2025-05-27 14:36:31.304347,인천 호크스,5,3,0,0,0,2,0,
2025-05-28 05:13:02.608695,대구 라이온스,13,9,1,0,5,5,1,
2025-05-28 19:49:33.913043,부산 이글스,9,7,0,1,6,4,0,
2025-05-29 10:26:05.217391,인천 호크스,7,12,0,0,8,3,1,
2025-05-30 01:02:36.521739,서울 타이거즈,10,6,1,0,6,4,0,
2025-05-30 15:39:07.826086,인천 호크스,4,9,0,1,1,5,0,
2025-05-31 06:15:39.130434,서울 타이거즈,8,10,2,1,7,0,1,
2025-05-31 20:52:10.434782,대구 라이온스,12,7,0,1,6,3,1,
2025-06-01 11:28:41.739130,대구 라이온스,13,10,5,0,15,5,1,
2025-06-02 02:05:13.043478,서울 타이거즈,17,11,1,0,12,4,1,
2025-06-02 16:41:44.347826,서울 타이거즈,,13,3,0,12,3,1,
2025-06-03 07:18:15.652173,서울 타이거즈,12,11,1,1,4,6,0,
2025-06-03 21:54:46.956521,대구 라이온스,10,12,1,10,3,3,0,
2025-06-04 12:31:18.260869,대구 라이온스,15,13,1,1,11,10,1,
2025-06-05 03:07:49.565217,인천 호크스,3,7,1,3,0,4,0,
2025-06-05 17:44:20.869565,부산 이글스,8,10,0,0,5,3,1,
2025-06-06 08:20:52.173913,부산 이글스,14,8,0,0,6,3,1,
2025-06-06 22:57:23.478260,대구 라이온스,7,11,2,,3,5,1,
2025-06-07 13:33:54.782608,부산 이글스,9,9,1,0,1,2,0,
2025-06-08 04:10:26.086956,인천 호크스,4,11,0,1,0,1,1,
2025-06-08 18:46:57.391304,대구 라이온스,11,8,0,0,2,4,0,
2025-06-09 09:23:28.695652,서울 타이거즈,14,5,4,1,13,3,1,
2025-06-10 00:00:00.000000,부산 이글스,7,5,0,1,5,2,1,
2025-06-10 14:36:31.304347,대구 라이온스,8,8,2,0,5,2,1,
2025-06-11 05:13:02.608695,서울 타이거즈,10,10,1,0,3,3,1,
2025-06-11 19:49:33.913043,대구 라이온스,9,8,1,1,3,4,0,
2025-06-12 10:26:05.217391,부산 이글스,,11,1,3,7,6,1,
2025-06-13 01:02:36.521739,부산 이글스,6,5,0,0,0,2,0,
2025-06-13 15:39:07.826086,부산 이글스,9,7,3,0,12,2,1,
2025-06-14 06:15:39.130434,대구 라이온스,10,10,2,0,9,4,1,
2025-06-14 20:52:10.434782,부산 이글스,8,9,2,0,3,6,1,
2025-06-15 11:28:41.739130,부산 이글스,12,8,2,0,8,6,1,
2025-06-16 02:05:13.043478,인천 호크스,6,6,1,1,3,1,1,
2025-06-16 16:41:44.347826,부산 이글스,7,8,1,0,6,3,1,
2025-06-17 07:18:15.652173,인천 호크스,10,8,0,3,4,8,0,
2025-06-17 21:54:46.956521,부산 이글스,7,7,1,2,2,6,0,
2025-06-18 12:31:18.260869,부산 이글스,11,12,0,0,5,7,0,
2025-06-19 03:07:49.565217,대구 라이온스,7,9,2,1,6,4,1,
2025-06-19 17:44:20.869565,대구 라이온스,6,11,0,,2,8,0,
2025-06-20 08:20:52.173913,서울 타이거즈,13,11,1,1,3,9,0,
2025-06-20 22:57:23.478260,대구 라이온스,11,6,2,0,6,1,1,
2025-06-21 13:33:54.782608,부산 이글스,16,9,0,0,4,6,0,
2025-06-22 04:10:26.086956,인천 호크스,3,15,1,2,1,14,0,
2025-06-22 18:46:57.391304,대구 라이온스,17,13,1,0,8,6,1,
2025-06-23 09:23:28.695652,서울 타이거즈,12,6,2,0,10,2,1,
2025-06-24 00:00:00.000000,인천 호크스,6,11,0,1,3,5,0,
2025-06-24 14:36:31.304347,서울 타이거즈,12,9,1,0,5,2,1,
2025-06-25 05:13:02.608695,인천 호크스,3,7,0,1,4,3,1,
2025-06-25 19:49:33.913043,서울 타이거즈,,7,0,,7,4,0,
2025-06-26 10:26:05.217391,인천 호크스,3,7,0,0,1,5,0,
2025-06-27 01:02:36.521739,서울 타이거즈,7,8,5,1,9,4,1,
2025-06-27 15:39:07.826086,인천 호크스,,3,0,4,2,5,0,
2025-06-28 06:15:39.130434,인천 호크스,6,11,0,3,3,8,0,
2025-06-28 20:52:10.434782,서울 타이거즈,10,8,2,0,4,5,0,
2025-06-29 11:28:41.739130,서울 타이거즈,12,4,2,1,8,0,1,
2025-06-30 02:05:13.043478,서울 타이거즈,16,10,1,0,10,5,1,
2025-06-30 16:41:44.347826,대구 라이온스,13,7,1,0,10,2,1,
2025-07-01 07:18:15.652173,서울 타이거즈,11,8,3,0,12,5,1,
2025-07-01 21:54:46.956521,서울 타이거즈,9,5,0,0,5,3,1,
2025-07-02 12:31:18.260869,부산 이글스,9,13,0,,1,3,0,
2025-07-03 03:07:49.565217,인천 호크스,5,13,1,1,2,2,1,
2025-07-03 17:44:20.869565,대구 라이온스,4,7,1,0,1,6,0,
2025-07-04 08:20:52.173913,부산 이글스,13,4,1,2,6,0,1,
2025-07-04 22:57:23.478260,부산 이글스,6,6,2,,1,1,0,
2025-07-05 13:33:54.782608,서울 타이거즈,16,12,1,0,7,4,1,
2025-07-06 04:10:26.086956,대구 라이온스,10,13,1,0,6,10,0,
2025-07-06 18:46:57.391304,인천 호크스,6,6,1,1,7,4,1,
2025-07-07 09:23:28.695652,부산 이글스,11,7,3,1,10,4,1,
2025-07-08 00:00:00.000000,부산 이글스,8,9,1,0,3,4,0,
2025-07-08 14:36:31.304347,서울 타이거즈,9,12,3,0,10,7,1,
2025-07-09 05:13:02.608695,인천 호크스,9,10,0,1,3,5,0,
2025-07-09 19:49:33.913043,대구 라이온스,16,6,1,0,10,3,1,
2025-07-10 10:26:05.217391,인천 호크스,1,8,0,1,0,5,0,
2025-07-11 01:02:36.521739,서울 타이거즈,18,5,4,0,8,2,1,
2025-07-11 15:39:07.826086,인천 호크스,5,14,0,0,2,7,0,
2025-07-12 06:15:39.130434,부산 이글스,,8,0,0,3,6,1,
2025-07-12 20:52:10.434782,대구 라이온스,9,4,0,0,5,1,1,
2025-07-13 11:28:41.739130,대구 라이온스,,7,0,0,2,4,1,
2025-07-14 02:05:13.043478,인천 호크스,5,5,0,0,2,4,0,
2025-07-14 16:41:44.347826,부산 이글스,6,10,0,0,3,4,0,
2025-07-15 07:18:15.652173,대구 라이온스,8,9,1,0,5,3,1,
2025-07-15 21:54:46.956521,서울 타이거즈,9,9,5,0,10,4,1,
2025-07-16 12:31:18.260869,대구 라이온스,13,5,2,0,9,4,0,
2025-07-17 03:07:49.565217,서울 타이거즈,7,12,1,1,2,7,0,
2025-07-17 17:44:20.869565,서울 타이거즈,19,6,4,,19,2,1,
2025-07-18 08:20:52.173913,서울 타이거즈,16,6,0,0,9,1,1,
2025-07-18 22:57:23.478260,인천 호크스,5,7,1,,5,4,1,
2025-07-19 13:33:54.782608,대구 라이온스,5,9,2,0,6,3,1,
2025-07-20 04:10:26.086956,대구 라이온스,6,10,0,0,3,5,0,
2025-07-20 18:46:57.391304,부산 이글스,10,7,1,1,4,4,1,
2025-07-21 09:23:28.695652,대구 라이온스,6,5,2,3,5,1,1,
2025-07-22 00:00:00.000000,서울 타이거즈,,2,2,,7,0,1,
2025-07-22 14:36:31.304347,부산 이글스,14,9,3,0,9,4,1,
2025-07-23 05:13:02.608695,인천 호크스,6,4,1,1,3,5,0,
2025-07-23 19:49:33.913043,인천 호크스,4,10,2,3,8,4,1,
2025-07-24 10:26:05.217391,대구 라이온스,10,10,0,0,3,3,0,
2025-07-25 01:02:36.521739,인천 호크스,3,12,0,0,1,11,0,
2025-07-25 15:39:07.826086,서울 타이거즈,19,6,2,2,8,5,1,
2025-07-26 06:15:39.130434,부산 이글스,11,8,0,0,1,3,0,
2025-07-26 20:52:10.434782,서울 타이거즈,24,10,1,0,11,6,1,
2025-07-27 11:28:41.739130,서울 타이거즈,17,16,1,0,8,6,1,
2025-07-28 02:05:13.043478,서울 타이거즈,18,6,1,0,12,3,1,
2025-07-28 16:41:44.347826,인천 호크스,3,6,0,0,1,4,0,
2025-07-29 07:18:15.652173,대구 라이온스,10,9,0,0,5,3,1,
2025-07-29 21:54:46.956521,부산 이글스,10,11,0,1,3,4,0,
2025-07-30 12:31:18.260869,대구 라이온스,14,3,2,0,10,2,1,
2025-07-31 03:07:49.565217,부산 이글스,9,1,1,0,4,0,1,
2025-07-31 17:44:20.869565,부산 이글스,7,9,0,0,0,3,0,
2025-08-01 08:20:52.173913,부산 이글스,13,6,1,1,7,2,1,
2025-08-01 22:57:23.478260,인천 호크스,4,7,0,1,0,2,0,
2025-08-02 13:33:54.782608,서울 타이거즈,14,7,2,1,11,2,1,
2025-08-03 04:10:26.086956,대구 라이온스,12,12,1,3,8,9,0,
2025-08-03 18:46:57.391304,서울 타이거즈,14,5,2,0,13,4,1,
2025-08-04 09:23:28.695652,대구 라이온스,8,8,1,1,3,4,1,
2025-08-05 00:00:00.000000,부산 이글스,7,6,2,0,8,1,1,
2025-08-05 14:36:31.304347,부산 이글스,11,8,1,2,7,4,1,
2025-08-06 05:13:02.608695,서울 타이거즈,10,7,0,0,5,4,0,
2025-08-06 19:49:33.913043,대구 라이온스,13,12,1,0,9,6,1,
2025-08-07 10:26:05.217391,서울 타이거즈,14,4,2,0,13,2,1,
2025-08-08 01:02:36.521739,인천 호크스,0,14,0,,0,8,0,
2025-08-08 15:39:07.826086,부산 이글스,7,10,2,0,11,2,1,
2025-08-09 06:15:39.130434,부산 이글스,5,11,0,1,2,7,0,
2025-08-09 20:52:10.434782,인천 호크스,,3,0,0,0,1,0,
2025-08-10 11:28:41.739130,부산 이글스,8,8,0,1,2,7,0,
2025-08-11 02:05:13.043478,서울 타이거즈,12,11,4,1,10,4,1,
2025-08-11 16:41:44.347826,부산 이글스,8,6,1,0,4,5,1,
2025-08-12 07:18:15.652173,서울 타이거즈,15,8,3,0,17,3,1,
2025-08-12 21:54:46.956521,대구 라이온스,10,11,1,0,6,4,1,
2025-08-13 12:31:18.260869,서울 타이거즈,17,7,0,1,10,3,1,
2025-08-14 03:07:49.565217,서울 타이거즈,13,9,2,1,8,4,1,
2025-08-14 17:44:20.869565,서울 타이거즈,16,9,3,1,15,5,1,
2025-08-15 08:20:52.173913,서울 타이거즈,11,6,4,1,7,5,1,
2025-08-15 22:57:23.478260,대구 라이온스,14,8,1,0,9,5,1,
2025-08-16 13:33:54.782608,인천 호크스,5,7,0,1,1,1,1,
2025-08-17 04:10:26.086956,인천 호크스,,9,0,0,3,3,1,
2025-08-17 18:46:57.391304,부산 이글스,7,12,0,2,5,3,1,
2025-08-18 09:23:28.695652,대구 라이온스,10,7,0,0,4,5,1,
2025-08-19 00:00:00.000000,부산 이글스,7,6,2,0,7,3,1,
2025-08-19 14:36:31.304347,서울 타이거즈,14,11,3,0,15,3,1,
2025-08-20 05:13:02.608695,대구 라이온스,10,11,4,1,9,6,1,
2025-08-20 19:49:33.913043,대구 라이온스,11,9,2,0,2,6,0,
2025-08-21 10:26:05.217391,부산 이글스,7,3,0,1,1,1,0,
2025-08-22 01:02:36.521739,인천 호크스,4,9,0,5,4,6,1,
2025-08-22 15:39:07.826086,대구 라이온스,10,12,2,1,7,5,0,
2025-08-23 06:15:39.130434,인천 호크스,5,8,0,3,1,4,0,
2025-08-23 20:52:10.434782,인천 호크스,5,4,1,2,1,6,0,
2025-08-24 11:28:41.739130,서울 타이거즈,22,10,3,2,15,5,1,
2025-08-25 02:05:13.043478,인천 호크스,4,9,0,1,1,10,0,
2025-08-25 16:41:44.347826,부산 이글스,7,8,0,0,5,5,1,
2025-08-26 07:18:15.652173,인천 호크스,6,7,1,1,5,2,1,
2025-08-26 21:54:46.956521,서울 타이거즈,18,10,4,1,13,5,1,
2025-08-27 12:31:18.260869,부산 이글스,7,8,0,0,2,4,0,
2025-08-28 03:07:49.565217,인천 호크스,1,7,1,1,0,2,0,
2025-08-28 17:44:20.869565,서울 타이거즈,13,11,3,2,8,7,0,
2025-08-29 08:20:52.173913,서울 타이거즈,9,13,0,,3,3,0,
2025-08-29 22:57:23.478260,부산 이글스,6,6,1,1,8,2,1,
2025-08-30 13:33:54.782608,대구 라이온스,7,11,1,2,3,5,0,
2025-08-31 04:10:26.086956,대구 라이온스,8,6,2,1,9,2,1,
2025-08-31 18:46:57.391304,대구 라이온스,9,5,1,,6,5,1,
2025-09-01 09:23:28.695652,인천 호크스,4,7,0,0,1,2,0,
2025-09-02 00:00:00.000000,부산 이글스,5,12,0,0,4,5,0,
2025-09-02 14:36:31.304347,부산 이글스,6,9,1,0,4,5,0,
2025-09-03 05:13:02.608695,부산 이글스,10,10,2,2,9,6,1,
2025-09-03 19:49:33.913043,대구 라이온스,11,8,0,0,2,5,0,
2025-09-04 10:26:05.217391,인천 호크스,2,8,0,1,0,4,0,
2025-09-05 01:02:36.521739,서울 타이거즈,8,8,1,0,1,3,0,
2025-09-05 15:39:07.826086,부산 이글스,4,9,0,2,0,7,0,
2025-09-06 06:15:39.130434,대구 라이온스,11,12,5,0,11,5,1,
2025-09-06 20:52:10.434782,인천 호크스,3,9,0,1,0,4,0,
2025-09-07 11:28:41.739130,서울 타이거즈,11,12,0,1,5,4,1,
2025-09-08 02:05:13.043478,인천 호크스,1,5,0,1,2,2,0,
2025-09-08 16:41:44.347826,부산 이글스,5,13,1,4,1,5,0,
2025-09-09 07:18:15.652173,부산 이글스,12,8,1,1,7,6,0,
2025-09-09 21:54:46.956521,부산 이글스,5,9,3,0,10,6,1,
2025-09-10 12:31:18.260869,대구 라이온스,11,6,1,0,7,3,1,
2025-09-11 03:07:49.565217,서울 타이거즈,7,9,3,0,3,1,1,
2025-09-11 17:44:20.869565,대구 라이온스,16,6,0,0,4,3,0,
2025-09-12 08:20:52.173913,인천 호크스,9,6,1,0,8,3,1,
2025-09-12 22:57:23.478260,부산 이글스,2,7,1,2,0,4,0,
2025-09-13 13:33:54.782608,서울 타이거즈,17,6,0,0,9,2,1,
2025-09-14 04:10:26.086956,대구 라이온스,9,7,0,0,5,6,0,
2025-09-14 18:46:57.391304,대구 라이온스,14,9,0,0,5,3,1,
2025-09-15 09:23:28.695652,서울 타이거즈,13,4,0,0,3,3,1,
2025-09-16 00:00:00.000000,대구 라이온스,9,17,1,,12,7,1,
2025-09-16 14:36:31.304347,서울 타이거즈,17,12,1,0,12,7,1,
2025-09-17 05:13:02.608695,서울 타이거즈,15,13,1,0,12,2,1,
2025-09-17 19:49:33.913043,대구 라이온스,9,5,0,0,1,3,0,
2025-09-18 10:26:05.217391,대구 라이온스,,7,0,0,2,2,1,
2025-09-19 01:02:36.521739,서울 타이거즈,19,6,2,0,3,1,1,
2025-09-19 15:39:07.826086,대구 라이온스,12,11,1,,8,7,1,
2025-09-20 06:15:39.130434,대구 라이온스,12,5,1,0,6,1,1,
2025-09-20 20:52:10.434782,인천 호크스,2,10,0,1,1,3,0,
2025-09-21 11:28:41.739130,인천 호크스,9,10,1,1,6,7,1,
2025-09-22 02:05:13.043478,인천 호크스,3,10,0,2,2,6,0,
2025-09-22 16:41:44.347826,서울 타이거즈,17,8,1,1,7,5,1,
2025-09-23 07:18:15.652173,부산 이글스,4,6,1,1,3,2,1,
2025-09-23 21:54:46.956521,부산 이글스,6,1,0,3,4,5,0,
2025-09-24 12:31:18.260869,대구 라이온스,12,6,3,0,12,3,1,
2025-09-25 03:07:49.565217,대구 라이온스,13,4,4,1,13,5,1,
2025-09-25 17:44:20.869565,인천 호크스,4,10,0,3,1,5,0,
2025-09-26 08:20:52.173913,서울 타이거즈,11,7,1,0,4,6,0,
2025-09-26 22:57:23.478260,인천 호크스,1,7,0,1,2,2,0,
2025-09-27 13:33:54.782608,인천 호크스,,11,0,3,3,5,0,
2025-09-28 04:10:26.086956,인천 호크스,5,9,0,0,2,6,0,
2025-09-28 18:46:57.391304,부산 이글스,,10,1,0,6,2,1,
2025-09-29 09:23:28.695652,서울 타이거즈,13,10,1,0,6,3,1,
2025-09-30 00:00:00.000000,서울 타이거즈,12,8,5,0,11,1,1,
